Designator,Device,Footprint,Mid X,Mid Y,Ref X,Ref Y,Pad X,Pad Y,Layer,Rotation,SMD,Comment
"U6"	,"TMC4671-LA"	,"QFN-76_L10.5-W6.5-P0.40-TL-EP"	,"1850.4mil"	,"1003.9mil"	,"1850.4mil"	,"1003.9mil"	,"1924.2mil"	,"785.4mil"	,"T"	,"135"	,"Yes"	,"TMC4671-LA"	,
"U2"	,"CSD88599Q5DCT"	,"SON-22_L5.0-W6.0-P0.50-CSD88599Q5DCT"	,"1712.6mil"	,"1958.7mil"	,"1712.6mil"	,"1958.7mil"	,"1811mil"	,"2051.2mil"	,"T"	,"-90"	,"Yes"	,"CSD88599Q5DCT"	,
"C1"	,"CC0402KRX7R0BB103"	,"C0402"	,"1860.2mil"	,"1901.4mil"	,"1860.2mil"	,"1901.4mil"	,"1860.2mil"	,"1922.8mil"	,"T"	,"270"	,"Yes"	,"CC0402KRX7R0BB103_10nF"	,
"C2"	,"GRM155R72A472KA01D"	,"C0402"	,"1629.9mil"	,"2066.9mil"	,"1629.9mil"	,"2066.9mil"	,"1629.9mil"	,"2088.4mil"	,"B"	,"270"	,"Yes"	,"GRM155R72A472KA01D_4.7nF"	,
"R1"	,"0805W8F220KT5E"	,"R0805"	,"1545.3mil"	,"2155.5mil"	,"1545.3mil"	,"2155.5mil"	,"1545.3mil"	,"2193.6mil"	,"B"	,"270"	,"Yes"	,"0805W8F220KT5E_2.2Ω"	,
"C3"	,"CL21B104KCFNNNE"	,"C0805"	,"1879.9mil"	,"2036.2mil"	,"1879.9mil"	,"2036.2mil"	,"1879.9mil"	,"1995.7mil"	,"T"	,"90"	,"Yes"	,"CL21B104KCFNNNE_100nF"	,
"C15"	,"CC0402KRX7R0BB103"	,"C0402"	,"895.7mil"	,"1901.4mil"	,"895.7mil"	,"1901.4mil"	,"895.7mil"	,"1922.8mil"	,"T"	,"270"	,"Yes"	,"CC0402KRX7R0BB103_10nF"	,
"C16"	,"CL21B104KCFNNNE"	,"C0805"	,"876mil"	,"2036.2mil"	,"876mil"	,"2036.2mil"	,"876mil"	,"1995.7mil"	,"T"	,"90"	,"Yes"	,"CL21B104KCFNNNE_100nF"	,
"C17"	,"C0805X105K101T"	,"C0805"	,"1378mil"	,"1860.2mil"	,"1378mil"	,"1860.2mil"	,"1337.4mil"	,"1860.2mil"	,"B"	,"0"	,"Yes"	,"C0805X105K101T_1uF"	,
"C18"	,"CL21B104KCFNNNE"	,"C0805"	,"1376.8mil"	,"1939mil"	,"1376.8mil"	,"1939mil"	,"1336.2mil"	,"1939mil"	,"B"	,"0"	,"Yes"	,"CL21B104KCFNNNE_100nF"	,
"C19"	,"C2012X7R2A473KT0L0U"	,"C0805"	,"1635.8mil"	,"1830.7mil"	,"1635.8mil"	,"1830.7mil"	,"1595.3mil"	,"1830.7mil"	,"B"	,"0"	,"Yes"	,"C2012X7R2A473KT0L0U_47nF"	,
"R8"	,"0402WGF1002TCE"	,"R0402"	,"1151.6mil"	,"1784.1mil"	,"1151.6mil"	,"1784.1mil"	,"1151.6mil"	,"1801.2mil"	,"T"	,"270"	,"Yes"	,"0402WGF1002TCE_10kΩ"	,
"R9"	,"0402WGF1002TCE"	,"R0402"	,"1200.8mil"	,"1784.1mil"	,"1200.8mil"	,"1784.1mil"	,"1200.8mil"	,"1801.2mil"	,"T"	,"270"	,"Yes"	,"0402WGF1002TCE_10kΩ"	,
"C21"	,"CL05A105KA5NQNC"	,"C0402"	,"1230.3mil"	,"1692.9mil"	,"1230.3mil"	,"1692.9mil"	,"1230.3mil"	,"1671.5mil"	,"T"	,"90"	,"Yes"	,"CL05A105KA5NQNC_1uF"	,
"U7"	,"DRV8320SRTVR"	,"WQFN-32_L5.0-W5.0-P0.50-TL-EP3.5"	,"1378mil"	,"1860.2mil"	,"1378mil"	,"1860.2mil"	,"1496.3mil"	,"1881.1mil"	,"T"	,"225"	,"Yes"	,"DRV8320SRTVR"	,
"U1"	,"CSD88599Q5DCT"	,"SON-22_L5.0-W6.0-P0.50-CSD88599Q5DCT"	,"1378mil"	,"2135.8mil"	,"1378mil"	,"2135.8mil"	,"1476.4mil"	,"2228.3mil"	,"T"	,"270"	,"Yes"	,"CSD88599Q5DCT"	,
"C4"	,"CC0402KRX7R0BB103"	,"C0402"	,"1565mil"	,"1911.2mil"	,"1565mil"	,"1911.2mil"	,"1565mil"	,"1932.7mil"	,"T"	,"270"	,"Yes"	,"CC0402KRX7R0BB103_10nF"	,
"C5"	,"GRM155R72A472KA01D"	,"C0402"	,"1379.7mil"	,"2214.6mil"	,"1379.7mil"	,"2214.6mil"	,"1358.3mil"	,"2214.6mil"	,"B"	,"0"	,"Yes"	,"GRM155R72A472KA01D_4.7nF"	,
"R2"	,"0805W8F220KT5E"	,"R0805"	,"1366.8mil"	,"2145.7mil"	,"1366.8mil"	,"2145.7mil"	,"1328.7mil"	,"2145.7mil"	,"B"	,"0"	,"Yes"	,"0805W8F220KT5E_2.2Ω"	,
"C6"	,"CL21B104KCFNNNE"	,"C0805"	,"1545.3mil"	,"2156.7mil"	,"1545.3mil"	,"2156.7mil"	,"1545.3mil"	,"2116.1mil"	,"T"	,"90"	,"Yes"	,"CL21B104KCFNNNE_100nF"	,
"U3"	,"CSD88599Q5DCT"	,"SON-22_L5.0-W6.0-P0.50-CSD88599Q5DCT"	,"1043.3mil"	,"1958.7mil"	,"1043.3mil"	,"1958.7mil"	,"1141.7mil"	,"2051.2mil"	,"T"	,"270"	,"Yes"	,"CSD88599Q5DCT"	,
"C7"	,"CC0402KRX7R0BB103"	,"C0402"	,"1190.9mil"	,"1966.7mil"	,"1190.9mil"	,"1966.7mil"	,"1190.9mil"	,"1988.2mil"	,"T"	,"270"	,"Yes"	,"CC0402KRX7R0BB103_10nF"	,
"C8"	,"GRM155R72A472KA01D"	,"C0402"	,"1090.7mil"	,"2116.1mil"	,"1090.7mil"	,"2116.1mil"	,"1112.2mil"	,"2116.1mil"	,"B"	,"180"	,"Yes"	,"GRM155R72A472KA01D_4.7nF"	,
"R4"	,"0805W8F220KT5E"	,"R0805"	,"1212mil"	,"2145.7mil"	,"1212mil"	,"2145.7mil"	,"1250mil"	,"2145.7mil"	,"B"	,"180"	,"Yes"	,"0805W8F220KT5E_2.2Ω"	,
"C9"	,"CL21B104KCFNNNE"	,"C0805"	,"1210.6mil"	,"2156.7mil"	,"1210.6mil"	,"2156.7mil"	,"1210.6mil"	,"2116.1mil"	,"T"	,"90"	,"Yes"	,"CL21B104KCFNNNE_100nF"	,
"U8"	,"ACS711KEXLT-31AB-T"	,"IC-SMD_ACS711KEXLT-15AB-T"	,"1692.9mil"	,"2165.4mil"	,"1692.9mil"	,"2165.4mil"	,"1639.8mil"	,"2185mil"	,"T"	,"0"	,"Yes"	,"ACS711KEXLT-31AB-T"	,
"U4"	,"ACS711KEXLT-31AB-T"	,"IC-SMD_ACS711KEXLT-15AB-T"	,"1063mil"	,"2165.4mil"	,"1063mil"	,"2165.4mil"	,"1116.1mil"	,"2145.7mil"	,"T"	,"180"	,"Yes"	,"ACS711KEXLT-31AB-T"	,
"R10"	,"NCP15XH103F03RC"	,"R0402"	,"1604.3mil"	,"1998mil"	,"1604.3mil"	,"1998mil"	,"1616.4mil"	,"1986mil"	,"B"	,"135"	,"Yes"	,"NCP15XH103F03RC"	,
"R5"	,"0402WGF1002TCE"	,"R0402"	,"1742.1mil"	,"2148.3mil"	,"1742.1mil"	,"2148.3mil"	,"1742.1mil"	,"2131.3mil"	,"B"	,"90"	,"Yes"	,"0402WGF1002TCE_10kΩ"	,
"R11"	,"AR02BTC2001"	,"R0402"	,"944.9mil"	,"2165.4mil"	,"944.9mil"	,"2165.4mil"	,"927.8mil"	,"2165.4mil"	,"B"	,"0"	,"Yes"	,"AR02BTC2001_2kΩ"	,
"R12"	,"AR02BTC2001"	,"R0402"	,"944.9mil"	,"2116.1mil"	,"944.9mil"	,"2116.1mil"	,"961.9mil"	,"2116.1mil"	,"B"	,"180"	,"Yes"	,"AR02BTC2001_2kΩ"	,
"R15"	,"AR02BTC2001"	,"R0402"	,"1850.4mil"	,"2141.1mil"	,"1850.4mil"	,"2141.1mil"	,"1850.4mil"	,"2124mil"	,"B"	,"90"	,"Yes"	,"AR02BTC2001_2kΩ"	,
"R16"	,"AR02BTC2001"	,"R0402"	,"1791.3mil"	,"2162.7mil"	,"1791.3mil"	,"2162.7mil"	,"1791.3mil"	,"2179.7mil"	,"B"	,"270"	,"Yes"	,"AR02BTC2001_2kΩ"	,
"C23"	,"CC0402KRX7R7BB104"	,"C0402"	,"1643.7mil"	,"2165.4mil"	,"1643.7mil"	,"2165.4mil"	,"1643.7mil"	,"2143.9mil"	,"B"	,"90"	,"Yes"	,"CC0402KRX7R7BB104_100nF"	,
"C24"	,"CC0402KRX7R7BB104"	,"C0402"	,"1114.2mil"	,"2189.2mil"	,"1114.2mil"	,"2189.2mil"	,"1114.2mil"	,"2210.6mil"	,"B"	,"270"	,"Yes"	,"CC0402KRX7R7BB104_100nF"	,
"R3"	,"0402WGF1002TCE"	,"R0402"	,"1013.8mil"	,"2192.2mil"	,"1013.8mil"	,"2192.2mil"	,"1013.8mil"	,"2209.3mil"	,"B"	,"270"	,"Yes"	,"0402WGF1002TCE_10kΩ"	,
"C27"	,"VKMC1201J680MV"	,"CAP-SMD_BD6.3-L6.6-W6.6-LS7.6-FD"	,"984.3mil"	,"1692.9mil"	,"984.3mil"	,"1692.9mil"	,"1089.4mil"	,"1692.9mil"	,"T"	,"180"	,"Yes"	,"VKMC1201J680MV_68uF"	,
"C28"	,"VKMC1201J680MV"	,"CAP-SMD_BD6.3-L6.6-W6.6-LS7.6-FD"	,"1771.7mil"	,"1692.9mil"	,"1771.7mil"	,"1692.9mil"	,"1666.5mil"	,"1692.9mil"	,"T"	,"0"	,"Yes"	,"VKMC1201J680MV_68uF"	,
"C25"	,"VKMC1201J680MV"	,"CAP-SMD_BD6.3-L6.6-W6.6-LS7.6-FD"	,"708.7mil"	,"1860.2mil"	,"708.7mil"	,"1860.2mil"	,"708.7mil"	,"1965.4mil"	,"T"	,"270"	,"Yes"	,"VKMC1201J680MV_68uF"	,
"C26"	,"VKMC1201J680MV"	,"CAP-SMD_BD6.3-L6.6-W6.6-LS7.6-FD"	,"2047.2mil"	,"1860.2mil"	,"2047.2mil"	,"1860.2mil"	,"2047.2mil"	,"1965.4mil"	,"T"	,"270"	,"Yes"	,"VKMC1201J680MV_68uF"	,
"U9"	,"436500215"	,"CONN-TH_436500215"	,"2116.1mil"	,"1584.6mil"	,"2116.1mil"	,"1584.6mil"	,"2175.2mil"	,"1584.6mil"	,"T"	,"0"	,"No"	,"436500215"	,
"U10"	,"SN74LVC1G17DCKR"	,"SC-70-5_L2.1-W1.3-P0.65-LS2.1-BR"	,"462.6mil"	,"1368.1mil"	,"462.6mil"	,"1368.1mil"	,"437mil"	,"1324.8mil"	,"T"	,"270"	,"Yes"	,"SN74LVC1G17DCKR"	,
"C10"	,"CC0402KRX7R7BB104"	,"C0402"	,"446.9mil"	,"1456.7mil"	,"446.9mil"	,"1456.7mil"	,"425.4mil"	,"1456.7mil"	,"T"	,"0"	,"Yes"	,"CC0402KRX7R7BB104_100nF"	,
"U5"	,"CSD88599Q5DCT"	,"SON-22_L5.0-W6.0-P0.50-CSD88599Q5DCT"	,"669.3mil"	,"1565mil"	,"669.3mil"	,"1565mil"	,"570.9mil"	,"1472.4mil"	,"T"	,"90"	,"Yes"	,"CSD88599Q5DCT"	,
"C11"	,"CC0402KRX7R0BB103"	,"C0402"	,"1063mil"	,"1525.6mil"	,"1063mil"	,"1525.6mil"	,"1063mil"	,"1504.1mil"	,"B"	,"90"	,"Yes"	,"CC0402KRX7R0BB103_10nF"	,
"C12"	,"GRM155R72A472KA01D"	,"C0402"	,"452.8mil"	,"1427.2mil"	,"452.8mil"	,"1427.2mil"	,"431.3mil"	,"1427.2mil"	,"B"	,"0"	,"Yes"	,"GRM155R72A472KA01D_4.7nF"	,
"R6"	,"0805W8F220KT5E"	,"R0805"	,"462.6mil"	,"1525.6mil"	,"462.6mil"	,"1525.6mil"	,"462.6mil"	,"1563.6mil"	,"B"	,"270"	,"Yes"	,"0805W8F220KT5E_2.2Ω"	,
"C13"	,"CL21B104KCFNNNE"	,"C0805"	,"466.5mil"	,"1565mil"	,"466.5mil"	,"1565mil"	,"466.5mil"	,"1524.4mil"	,"T"	,"90"	,"Yes"	,"CL21B104KCFNNNE_100nF"	,
"R17"	,"RC2512JK-7W6R8L"	,"R2512"	,"600.4mil"	,"1653.5mil"	,"600.4mil"	,"1653.5mil"	,"600.4mil"	,"1532.8mil"	,"B"	,"90"	,"Yes"	,"RC2512JK-7W6R8L_6.8Ω"	,
"R18"	,"RC2512JK-7W6R8L"	,"R2512"	,"777.6mil"	,"1653.5mil"	,"777.6mil"	,"1653.5mil"	,"777.6mil"	,"1774.3mil"	,"B"	,"270"	,"Yes"	,"RC2512JK-7W6R8L_6.8Ω"	,
"R19"	,"RC2512JK-7W6R8L"	,"R2512"	,"954.7mil"	,"1653.5mil"	,"954.7mil"	,"1653.5mil"	,"954.7mil"	,"1774.3mil"	,"B"	,"270"	,"Yes"	,"RC2512JK-7W6R8L_6.8Ω"	,
"R20"	,"RC2512JK-7W6R8L"	,"R2512"	,"600.4mil"	,"1250mil"	,"600.4mil"	,"1250mil"	,"600.4mil"	,"1129.3mil"	,"B"	,"90"	,"Yes"	,"RC2512JK-7W6R8L_6.8Ω"	,
"R21"	,"RC2512JK-7W6R8L"	,"R2512"	,"777.6mil"	,"1250mil"	,"777.6mil"	,"1250mil"	,"777.6mil"	,"1129.3mil"	,"B"	,"90"	,"Yes"	,"RC2512JK-7W6R8L_6.8Ω"	,
"R22"	,"RC2512JK-7W6R8L"	,"R2512"	,"954.7mil"	,"1250mil"	,"954.7mil"	,"1250mil"	,"954.7mil"	,"1129.3mil"	,"B"	,"90"	,"Yes"	,"RC2512JK-7W6R8L_6.8Ω"	,
"R7"	,"0402WGF1002TCE"	,"R0402"	,"502mil"	,"1692.9mil"	,"502mil"	,"1692.9mil"	,"502mil"	,"1710mil"	,"T"	,"270"	,"Yes"	,"0402WGF1002TCE_10kΩ"	,
"R23"	,"0402WGJ0561TCE"	,"R0402"	,"525.6mil"	,"1598.4mil"	,"525.6mil"	,"1598.4mil"	,"525.6mil"	,"1581.4mil"	,"T"	,"90"	,"Yes"	,"0402WGJ0561TCE_560Ω"	,
"U11"	,"LMR16006XDDCR"	,"SOT-23-6_L2.9-W1.6-P0.95-LS2.8-BR"	,"2107.5mil"	,"1299.2mil"	,"2107.5mil"	,"1299.2mil"	,"2144.9mil"	,"1354.3mil"	,"T"	,"90"	,"Yes"	,"LMR16006XDDCR"	,
"R24"	,"PTFR0402B100KN9"	,"R0402"	,"2087.8mil"	,"1190.9mil"	,"2087.8mil"	,"1190.9mil"	,"2070.7mil"	,"1190.9mil"	,"T"	,"0"	,"Yes"	,"PTFR0402B100KN9_100kΩ"	,
"C14"	,"CC0402KRX7R0BB103"	,"C0402"	,"2007.9mil"	,"1297.4mil"	,"2007.9mil"	,"1297.4mil"	,"2007.9mil"	,"1276mil"	,"T"	,"90"	,"Yes"	,"CC0402KRX7R0BB103_10nF"	,
"C20"	,"CL21B104KCFNNNE"	,"C0805"	,"2058.2mil"	,"1299.2mil"	,"2058.2mil"	,"1299.2mil"	,"2058.2mil"	,"1258.7mil"	,"B"	,"90"	,"Yes"	,"CL21B104KCFNNNE_100nF"	,
"C22"	,"CL21B104KCFNNNE"	,"C0805"	,"2146.8mil"	,"1299.2mil"	,"2146.8mil"	,"1299.2mil"	,"2146.8mil"	,"1339.8mil"	,"B"	,"270"	,"Yes"	,"CL21B104KCFNNNE_100nF"	,
"D1"	,"DSK16"	,"SOD-123_L2.8-W1.8-LS3.7-RD"	,"2234.3mil"	,"1301.5mil"	,"2234.3mil"	,"1301.5mil"	,"2234.3mil"	,"1234.9mil"	,"B"	,"90"	,"Yes"	,"DSK16"	,
"L1"	,"CBC3225T220KR"	,"L1210"	,"2244.1mil"	,"1271.5mil"	,"2244.1mil"	,"1271.5mil"	,"2244.1mil"	,"1204.5mil"	,"T"	,"90"	,"Yes"	,"CBC3225T220KR_22uH"	,
"R25"	,"RTT025492FTH"	,"R0402"	,"2076.8mil"	,"1439.7mil"	,"2076.8mil"	,"1439.7mil"	,"2076.8mil"	,"1422.6mil"	,"T"	,"90"	,"Yes"	,"RTT025492FTH_54.9kΩ"	,
"R13"	,"0402WGF1002TCE"	,"R0402"	,"2027.6mil"	,"1439.7mil"	,"2027.6mil"	,"1439.7mil"	,"2027.6mil"	,"1456.7mil"	,"T"	,"270"	,"Yes"	,"0402WGF1002TCE_10kΩ"	,
"C29"	,"TLJA107M010R1400"	,"CAP-SMD_L3.2-W1.6"	,"2185mil"	,"1437mil"	,"2185mil"	,"1437mil"	,"2131.9mil"	,"1437mil"	,"T"	,"0"	,"Yes"	,"TLJA107M010R1400_100uF"	,
"C30"	,"CL05A106MP5NUNC"	,"C0402"	,"1889.8mil"	,"1417.3mil"	,"1889.8mil"	,"1417.3mil"	,"1889.8mil"	,"1438.8mil"	,"B"	,"270"	,"Yes"	,"CL05A106MP5NUNC_10uF"	,
"C31"	,"GRM155R60J226ME11D"	,"C0402"	,"1830.7mil"	,"1417.3mil"	,"1830.7mil"	,"1417.3mil"	,"1830.7mil"	,"1438.8mil"	,"B"	,"270"	,"Yes"	,"GRM155R60J226ME11D_22uF"	,
"C32"	,"CL05B103KB5NNNC"	,"C0402"	,"1842.5mil"	,"1509.8mil"	,"1842.5mil"	,"1509.8mil"	,"1864mil"	,"1509.8mil"	,"T"	,"180"	,"Yes"	,"CL05B103KB5NNNC_10nF"	,
"U13"	,"SPX3819M5-L-3-3/TR"	,"SOT-23-5_L3.0-W1.7-P0.95-LS2.8-BR"	,"1863.7mil"	,"1418.2mil"	,"1863.7mil"	,"1418.2mil"	,"1914.9mil"	,"1380.8mil"	,"T"	,"0"	,"Yes"	,"SPX3819M5-L-3-3/TR"	,
"R14"	,"0402WGF1002TCE"	,"R0402"	,"1968.5mil"	,"1210.6mil"	,"1968.5mil"	,"1210.6mil"	,"1968.5mil"	,"1227.7mil"	,"T"	,"270"	,"Yes"	,"0402WGF1002TCE_10kΩ"	,
"R26"	,"0402WGF1002TCE"	,"R0402"	,"2162.7mil"	,"1122mil"	,"2162.7mil"	,"1122mil"	,"2179.7mil"	,"1122mil"	,"T"	,"180"	,"Yes"	,"0402WGF1002TCE_10kΩ"	,
"R28"	,"0402WGF1002TCE"	,"R0402"	,"1879.9mil"	,"1289.4mil"	,"1879.9mil"	,"1289.4mil"	,"1879.9mil"	,"1306.4mil"	,"T"	,"270"	,"Yes"	,"0402WGF1002TCE_10kΩ"	,
"R27"	,"PTFR0402B100KN9"	,"R0402"	,"1929.1mil"	,"1289.4mil"	,"1929.1mil"	,"1289.4mil"	,"1929.1mil"	,"1272.3mil"	,"T"	,"90"	,"Yes"	,"PTFR0402B100KN9_100kΩ"	,
"RTMI"	,"DF20F-10DP-1H(59)"	,"CONN-SMD_DF20F-10DP-1H-59"	,"2058.2mil"	,"885.1mil"	,"2057.1mil"	,"895.7mil"	,"2020.6mil"	,"1019.5mil"	,"B"	,"234"	,"Yes"	,"DF20F-10DP-1H(59)"	,
"R29"	,"RC0402FR-070RL"	,"R0402"	,"1131.9mil"	,"935mil"	,"1131.9mil"	,"935mil"	,"1131.9mil"	,"952.1mil"	,"B"	,"270"	,"Yes"	,"RC0402FR-070RL_0Ω"	,
"R30"	,"RC0402FR-070RL"	,"R0402"	,"1092.5mil"	,"974.4mil"	,"1092.5mil"	,"974.4mil"	,"1092.5mil"	,"957.4mil"	,"B"	,"90"	,"Yes"	,"RC0402FR-070RL_0Ω"	,
"R31"	,"RC0402FR-070RL"	,"R0402"	,"1289.4mil"	,"935mil"	,"1289.4mil"	,"935mil"	,"1289.4mil"	,"952.1mil"	,"B"	,"270"	,"Yes"	,"RC0402FR-070RL_0Ω"	,
"R32"	,"RC0402FR-070RL"	,"R0402"	,"1250mil"	,"974.4mil"	,"1250mil"	,"974.4mil"	,"1250mil"	,"957.4mil"	,"B"	,"90"	,"Yes"	,"RC0402FR-070RL_0Ω"	,
"R33"	,"RC0402FR-0718KL"	,"R0402"	,"1210.6mil"	,"974.4mil"	,"1210.6mil"	,"974.4mil"	,"1210.6mil"	,"957.4mil"	,"B"	,"90"	,"Yes"	,"RC0402FR-0718KL_18kΩ"	,
"R34"	,"0402WGF4532TCE"	,"R0402"	,"1053.1mil"	,"974.4mil"	,"1053.1mil"	,"974.4mil"	,"1053.1mil"	,"957.4mil"	,"B"	,"90"	,"Yes"	,"0402WGF4532TCE_45.3kΩ"	,
"R35"	,"0402WGF7502TCE"	,"R0402"	,"1171.3mil"	,"974.4mil"	,"1171.3mil"	,"974.4mil"	,"1171.3mil"	,"957.4mil"	,"B"	,"90"	,"Yes"	,"0402WGF7502TCE"	,
"R36"	,"RC0402FR-070RL"	,"R0402"	,"1446.9mil"	,"935mil"	,"1446.9mil"	,"935mil"	,"1446.9mil"	,"952.1mil"	,"B"	,"270"	,"Yes"	,"RC0402FR-070RL_0Ω"	,
"R37"	,"RC0402FR-070RL"	,"R0402"	,"1407.5mil"	,"974.4mil"	,"1407.5mil"	,"974.4mil"	,"1407.5mil"	,"957.4mil"	,"B"	,"90"	,"Yes"	,"RC0402FR-070RL_0Ω"	,
"R38"	,"RC0402FR-0718KL"	,"R0402"	,"1368.1mil"	,"974.4mil"	,"1368.1mil"	,"974.4mil"	,"1368.1mil"	,"957.4mil"	,"B"	,"90"	,"Yes"	,"RC0402FR-0718KL_18kΩ"	,
"R40"	,"RC0402FR-070RL"	,"R0402"	,"1210.6mil"	,"1082.7mil"	,"1210.6mil"	,"1082.7mil"	,"1227.7mil"	,"1082.7mil"	,"B"	,"180"	,"Yes"	,"RC0402FR-070RL_0Ω"	,
"USB"	,"GT-USB-7010B"	,"USB-SMD_GT-USB-7010B"	,"1378mil"	,"572.5mil"	,"1378mil"	,"570.9mil"	,"1503.9mil"	,"664.3mil"	,"B"	,"180"	,"No"	,"GT-USB-7010B"	,
"R41"	,"0402WGF1002TCE"	,"R0402"	,"1899.6mil"	,"718.5mil"	,"1899.6mil"	,"718.5mil"	,"1911.7mil"	,"706.5mil"	,"T"	,"135"	,"Yes"	,"0402WGF1002TCE_10kΩ"	,
"C37"	,"CC0402KRX7R7BB104"	,"C0402"	,"1692.9mil"	,"1082.7mil"	,"1692.9mil"	,"1082.7mil"	,"1692.9mil"	,"1061.2mil"	,"B"	,"90"	,"Yes"	,"CC0402KRX7R7BB104_100nF"	,
"R42"	,"0402WGF1002TCE"	,"R0402"	,"1633.9mil"	,"944.9mil"	,"1633.9mil"	,"944.9mil"	,"1633.9mil"	,"927.8mil"	,"B"	,"90"	,"Yes"	,"0402WGF1002TCE_10kΩ"	,
"C38"	,"CC0402KRX7R7BB104"	,"C0402"	,"1771.7mil"	,"885.8mil"	,"1771.7mil"	,"885.8mil"	,"1793.1mil"	,"885.8mil"	,"B"	,"180"	,"Yes"	,"CC0402KRX7R7BB104_100nF"	,
"C39"	,"CC0402KRX7R7BB104"	,"C0402"	,"1771.7mil"	,"1102.4mil"	,"1771.7mil"	,"1102.4mil"	,"1750.2mil"	,"1102.4mil"	,"B"	,"0"	,"Yes"	,"CC0402KRX7R7BB104_100nF"	,
"C40"	,"CC0402KRX7R7BB104"	,"C0402"	,"2155.5mil"	,"974.4mil"	,"2155.5mil"	,"974.4mil"	,"2134.1mil"	,"974.4mil"	,"T"	,"0"	,"Yes"	,"CC0402KRX7R7BB104_100nF"	,
"C41"	,"CC0402KRX7R7BB104"	,"C0402"	,"2106.3mil"	,"1190.9mil"	,"2106.3mil"	,"1190.9mil"	,"2084.8mil"	,"1190.9mil"	,"B"	,"0"	,"Yes"	,"CC0402KRX7R7BB104_100nF"	,
"C42"	,"CL05A106MP5NUNC"	,"C0402"	,"2165.4mil"	,"1141.7mil"	,"2165.4mil"	,"1141.7mil"	,"2186.8mil"	,"1141.7mil"	,"B"	,"180"	,"Yes"	,"CL05A106MP5NUNC_10uF"	,
"C43"	,"CC0402KRX7R7BB104"	,"C0402"	,"2155.5mil"	,"876mil"	,"2155.5mil"	,"876mil"	,"2134.1mil"	,"876mil"	,"T"	,"0"	,"Yes"	,"CC0402KRX7R7BB104_100nF"	,
"C44"	,"CL05A106MP5NUNC"	,"C0402"	,"2155.5mil"	,"925.2mil"	,"2155.5mil"	,"925.2mil"	,"2177mil"	,"925.2mil"	,"T"	,"180"	,"Yes"	,"CL05A106MP5NUNC_10uF"	,
"C45"	,"CC0402KRX7R7BB104"	,"C0402"	,"1953.3mil"	,"723.8mil"	,"1953.3mil"	,"723.8mil"	,"1938.2mil"	,"739mil"	,"B"	,"315"	,"Yes"	,"CC0402KRX7R7BB104_100nF"	,
"C46"	,"CL05A106MP5NUNC"	,"C0402"	,"1874.6mil"	,"792.7mil"	,"1874.6mil"	,"792.7mil"	,"1859.4mil"	,"807.9mil"	,"B"	,"315"	,"Yes"	,"CL05A106MP5NUNC_10uF"	,
"C47"	,"CC0402KRX7R7BB104"	,"C0402"	,"1761.8mil"	,"836.6mil"	,"1761.8mil"	,"836.6mil"	,"1783.3mil"	,"836.6mil"	,"B"	,"180"	,"Yes"	,"CC0402KRX7R7BB104_100nF"	,
"C48"	,"CL05A106MP5NUNC"	,"C0402"	,"1850.4mil"	,"895.7mil"	,"1850.4mil"	,"895.7mil"	,"1850.4mil"	,"917.1mil"	,"B"	,"270"	,"Yes"	,"CL05A106MP5NUNC_10uF"	,
"C49"	,"CC0402KRX7R7BB104"	,"C0402"	,"1771.7mil"	,"935mil"	,"1771.7mil"	,"935mil"	,"1750.2mil"	,"935mil"	,"B"	,"0"	,"Yes"	,"CC0402KRX7R7BB104_100nF"	,
"C50"	,"CL05A106MP5NUNC"	,"C0402"	,"1773.4mil"	,"984.3mil"	,"1773.4mil"	,"984.3mil"	,"1794.9mil"	,"984.3mil"	,"B"	,"180"	,"Yes"	,"CL05A106MP5NUNC_10uF"	,
"C51"	,"CC0402KRX7R7BB104"	,"C0402"	,"1643.7mil"	,"1053.1mil"	,"1643.7mil"	,"1053.1mil"	,"1643.7mil"	,"1074.6mil"	,"B"	,"270"	,"Yes"	,"CC0402KRX7R7BB104_100nF"	,
"C52"	,"CL05A106MP5NUNC"	,"C0402"	,"1584.6mil"	,"1023.6mil"	,"1584.6mil"	,"1023.6mil"	,"1584.6mil"	,"1002.2mil"	,"B"	,"90"	,"Yes"	,"CL05A106MP5NUNC_10uF"	,
"C53"	,"CC0402KRX7R7BB104"	,"C0402"	,"1771.7mil"	,"1200.8mil"	,"1771.7mil"	,"1200.8mil"	,"1750.2mil"	,"1200.8mil"	,"B"	,"0"	,"Yes"	,"CC0402KRX7R7BB104_100nF"	,
"C54"	,"CL05A106MP5NUNC"	,"C0402"	,"1771.7mil"	,"1151.6mil"	,"1771.7mil"	,"1151.6mil"	,"1793.1mil"	,"1151.6mil"	,"B"	,"180"	,"Yes"	,"CL05A106MP5NUNC_10uF"	,
"R43"	,"0402WGF1002TCE"	,"R0402"	,"1752mil"	,"816.9mil"	,"1752mil"	,"816.9mil"	,"1769mil"	,"816.9mil"	,"T"	,"180"	,"Yes"	,"0402WGF1002TCE_10kΩ"	,
"C55"	,"CC0402KRX7R7BB104"	,"C0402"	,"1584.6mil"	,"935mil"	,"1584.6mil"	,"935mil"	,"1599.8mil"	,"950.2mil"	,"T"	,"225"	,"Yes"	,"CC0402KRX7R7BB104_100nF"	,
"R49"	,"RC0402FR-070RL"	,"R0402"	,"790mil"	,"1279.5mil"	,"790mil"	,"1279.5mil"	,"773mil"	,"1279.5mil"	,"T"	,"0"	,"Yes"	,"RC0402FR-070RL_0Ω"	,
"U15"	,"MCP2542FDT-H/MNY"	,"TDFN-8_L3.0-W2.0-P0.50-TL-EP"	,"876mil"	,"984.3mil"	,"876mil"	,"984.3mil"	,"931.8mil"	,"954.7mil"	,"T"	,"180"	,"Yes"	,"MCP2542FDT-H/MNY"	,
"R56"	,"0402WGF604JTCE"	,"R0402"	,"863.5mil"	,"974.4mil"	,"863.5mil"	,"974.4mil"	,"846.5mil"	,"974.4mil"	,"B"	,"0"	,"Yes"	,"0402WGF604JTCE"	,
"R57"	,"0402WGF604JTCE"	,"R0402"	,"863.5mil"	,"1023.6mil"	,"863.5mil"	,"1023.6mil"	,"880.5mil"	,"1023.6mil"	,"B"	,"180"	,"Yes"	,"0402WGF604JTCE"	,
"C61"	,"0402B472K500CT"	,"C0402"	,"935mil"	,"994.1mil"	,"935mil"	,"994.1mil"	,"935mil"	,"1015.6mil"	,"B"	,"270"	,"Yes"	,"0402B472K500CT_4.7nF"	,
"C62"	,"CC0402KRX7R7BB104"	,"C0402"	,"876mil"	,"1063mil"	,"876mil"	,"1063mil"	,"854.5mil"	,"1063mil"	,"T"	,"0"	,"Yes"	,"CC0402KRX7R7BB104_100nF"	,
"C63"	,"CC0402KRX7R7BB104"	,"C0402"	,"974.4mil"	,"1054.9mil"	,"974.4mil"	,"1054.9mil"	,"974.4mil"	,"1033.5mil"	,"T"	,"90"	,"Yes"	,"CC0402KRX7R7BB104_100nF"	,
"R44"	,"RC0402FR-070RL"	,"R0402"	,"1968.5mil"	,"649.6mil"	,"1968.5mil"	,"649.6mil"	,"1951.5mil"	,"649.6mil"	,"B"	,"0"	,"Yes"	,"RC0402FR-070RL_0Ω"	,
"R45"	,"RC0402FR-070RL"	,"R0402"	,"1968.5mil"	,"649.6mil"	,"1968.5mil"	,"649.6mil"	,"1951.5mil"	,"649.6mil"	,"T"	,"0"	,"Yes"	,"RC0402FR-070RL_0Ω"	,
"U14"	,"SN74LVC3G17DCUR"	,"VSSOP-8_L2.4-W2.1-P0.50-LS3.2-BL"	,"1722.4mil"	,"551.2mil"	,"1722.4mil"	,"551.2mil"	,"1777.7mil"	,"521.7mil"	,"T"	,"90"	,"Yes"	,"SN74LVC3G17DCUR"	,
"C56"	,"CC0402KRX7R7BB104"	,"C0402"	,"1820.9mil"	,"590.6mil"	,"1820.9mil"	,"590.6mil"	,"1820.9mil"	,"569.1mil"	,"T"	,"90"	,"Yes"	,"CC0402KRX7R7BB104_100nF"	,
"C57"	,"CL05A106MP5NUNC"	,"C0402"	,"1872mil"	,"590.6mil"	,"1872mil"	,"590.6mil"	,"1872mil"	,"612mil"	,"T"	,"270"	,"Yes"	,"CL05A106MP5NUNC_10uF"	,
"R50"	,"0402WGF1002TCE"	,"R0402"	,"1702.8mil"	,"649.6mil"	,"1702.8mil"	,"649.6mil"	,"1702.8mil"	,"666.6mil"	,"T"	,"270"	,"Yes"	,"0402WGF1002TCE_10kΩ"	,
"R51"	,"AR02BTC2001"	,"R0402"	,"1653.5mil"	,"649.6mil"	,"1653.5mil"	,"649.6mil"	,"1653.5mil"	,"666.6mil"	,"T"	,"270"	,"Yes"	,"AR02BTC2001_2kΩ"	,
"C58"	,"CC0402JRNPO9BN101"	,"C0402"	,"1653.5mil"	,"748mil"	,"1653.5mil"	,"748mil"	,"1653.5mil"	,"769.5mil"	,"T"	,"270"	,"Yes"	,"CC0402JRNPO9BN101_100pF"	,
"R52"	,"0402WGF1002TCE"	,"R0402"	,"1811mil"	,"679.1mil"	,"1811mil"	,"679.1mil"	,"1811mil"	,"696.2mil"	,"T"	,"270"	,"Yes"	,"0402WGF1002TCE_10kΩ"	,
"R53"	,"AR02BTC2001"	,"R0402"	,"1761.8mil"	,"679.1mil"	,"1761.8mil"	,"679.1mil"	,"1761.8mil"	,"662.1mil"	,"T"	,"90"	,"Yes"	,"AR02BTC2001_2kΩ"	,
"C59"	,"CC0402JRNPO9BN101"	,"C0402"	,"1781.5mil"	,"748mil"	,"1781.5mil"	,"748mil"	,"1803mil"	,"748mil"	,"T"	,"180"	,"Yes"	,"CC0402JRNPO9BN101_100pF"	,
"R54"	,"0402WGF1002TCE"	,"R0402"	,"1588.6mil"	,"482.3mil"	,"1588.6mil"	,"482.3mil"	,"1588.6mil"	,"499.3mil"	,"B"	,"270"	,"Yes"	,"0402WGF1002TCE_10kΩ"	,
"R55"	,"AR02BTC2001"	,"R0402"	,"1604.3mil"	,"484.9mil"	,"1604.3mil"	,"484.9mil"	,"1604.3mil"	,"467.9mil"	,"T"	,"90"	,"Yes"	,"AR02BTC2001_2kΩ"	,
"C60"	,"CC0402JRNPO9BN101"	,"C0402"	,"1604.3mil"	,"586.4mil"	,"1604.3mil"	,"586.4mil"	,"1604.3mil"	,"607.9mil"	,"T"	,"-90"	,"Yes"	,"CC0402JRNPO9BN101_100pF"	,
"Q1"	,"AP2302B"	,"SOT-23_L2.9-W1.3-P1.90-LS2.4-BR"	,"905.5mil"	,"1230.3mil"	,"905.5mil"	,"1230.3mil"	,"950.8mil"	,"1192.9mil"	,"T"	,"0"	,"Yes"	,"AP2302B"	,
"R46"	,"AC0402FR-0710KL"	,"R0402"	,"1013.8mil"	,"1230.3mil"	,"1013.8mil"	,"1230.3mil"	,"1013.8mil"	,"1213.3mil"	,"T"	,"90"	,"Yes"	,"AC0402FR-0710KL_10kΩ"	,
"R47"	,"0402WGF2200TCE"	,"R0402"	,"1072.8mil"	,"1230.3mil"	,"1072.8mil"	,"1230.3mil"	,"1072.8mil"	,"1213.3mil"	,"T"	,"90"	,"Yes"	,"0402WGF2200TCE_220Ω"	,
"R48"	,"RC0402FR-070RL"	,"R0402"	,"706mil"	,"1279.5mil"	,"706mil"	,"1279.5mil"	,"723.1mil"	,"1279.5mil"	,"T"	,"180"	,"Yes"	,"RC0402FR-070RL_0Ω"	,
"U16"	,"STM32G431CBU6"	,"UFQFPN-48_L7.0-W7.0-P0.50-BL-EP"	,"1240.2mil"	,"856.3mil"	,"1240.2mil"	,"856.3mil"	,"1104.4mil"	,"964.6mil"	,"T"	,"-90"	,"Yes"	,"STM32G431CBU6"	,
"C64"	,"CL10A226MP8NUNE"	,"C0603"	,"777.6mil"	,"2076.8mil"	,"777.6mil"	,"2076.8mil"	,"750mil"	,"2076.8mil"	,"T"	,"0"	,"Yes"	,"CL10A226MP8NUNE_22uF"	,
"C65"	,"CL10A226MP8NUNE"	,"C0603"	,"905.5mil"	,"2155.5mil"	,"905.5mil"	,"2155.5mil"	,"933.1mil"	,"2155.5mil"	,"T"	,"180"	,"Yes"	,"CL10A226MP8NUNE_22uF"	,
"C66"	,"CL10A226MP8NUNE"	,"C0603"	,"2185mil"	,"1053.1mil"	,"2185mil"	,"1053.1mil"	,"2157.5mil"	,"1053.1mil"	,"T"	,"0"	,"Yes"	,"CL10A226MP8NUNE_22uF"	,
"C67"	,"CL10A226MP8NUNE"	,"C0603"	,"2263.8mil"	,"1122mil"	,"2263.8mil"	,"1122mil"	,"2291.3mil"	,"1122mil"	,"T"	,"180"	,"Yes"	,"CL10A226MP8NUNE_22uF"	,
"C68"	,"CL10A226MP8NUNE"	,"C0603"	,"2175.2mil"	,"1082.7mil"	,"2175.2mil"	,"1082.7mil"	,"2147.6mil"	,"1082.7mil"	,"B"	,"0"	,"Yes"	,"CL10A226MP8NUNE_22uF"	,
"C69"	,"CL10A226MP8NUNE"	,"C0603"	,"2269.7mil"	,"1088.6mil"	,"2269.7mil"	,"1088.6mil"	,"2269.7mil"	,"1116.1mil"	,"B"	,"270"	,"Yes"	,"CL10A226MP8NUNE_22uF"	,
"C70"	,"CL10A226MP8NUNE"	,"C0603"	,"1633.9mil"	,"885.8mil"	,"1633.9mil"	,"885.8mil"	,"1653.3mil"	,"905.3mil"	,"T"	,"225"	,"Yes"	,"CL10A226MP8NUNE_22uF"	,
"C71"	,"CL10A226MP8NUNE"	,"C0603"	,"1791.3mil"	,"1299.2mil"	,"1791.3mil"	,"1299.2mil"	,"1771.9mil"	,"1318.7mil"	,"B"	,"315"	,"Yes"	,"CL10A226MP8NUNE_22uF"	,
"C72"	,"CL10A226MP8NUNE"	,"C0603"	,"462.6mil"	,"1220.5mil"	,"462.6mil"	,"1220.5mil"	,"462.6mil"	,"1192.9mil"	,"B"	,"90"	,"Yes"	,"CL10A226MP8NUNE_22uF"	,
"C73"	,"CC0402KRX7R7BB104"	,"C0402"	,"1336.8mil"	,"767.7mil"	,"1336.8mil"	,"767.7mil"	,"1358.3mil"	,"767.7mil"	,"B"	,"180"	,"Yes"	,"CC0402KRX7R7BB104_100nF"	,
"C74"	,"CL05A106MP5NUNC"	,"C0402"	,"1338.6mil"	,"816.9mil"	,"1338.6mil"	,"816.9mil"	,"1317.1mil"	,"816.9mil"	,"B"	,"0"	,"Yes"	,"CL05A106MP5NUNC_10uF"	,
"C75"	,"CC0402KRX7R7BB104"	,"C0402"	,"1633.9mil"	,"848.2mil"	,"1633.9mil"	,"848.2mil"	,"1633.9mil"	,"869.7mil"	,"B"	,"270"	,"Yes"	,"CC0402KRX7R7BB104_100nF"	,
"C76"	,"CL05A106MP5NUNC"	,"C0402"	,"1535.4mil"	,"944.9mil"	,"1535.4mil"	,"944.9mil"	,"1550.6mil"	,"929.7mil"	,"B"	,"135"	,"Yes"	,"CL05A106MP5NUNC_10uF"	,
"C77"	,"CC0402KRX7R7BB104"	,"C0402"	,"1456.7mil"	,"708.7mil"	,"1456.7mil"	,"708.7mil"	,"1441.5mil"	,"723.8mil"	,"T"	,"315"	,"Yes"	,"CC0402KRX7R7BB104_100nF"	,
"C78"	,"CL05A106MP5NUNC"	,"C0402"	,"1584.6mil"	,"846.5mil"	,"1584.6mil"	,"846.5mil"	,"1584.6mil"	,"825mil"	,"B"	,"90"	,"Yes"	,"CL05A106MP5NUNC_10uF"	,
"C79"	,"CC0402KRX7R7BB104"	,"C0402"	,"1442.9mil"	,"551.2mil"	,"1442.9mil"	,"551.2mil"	,"1442.9mil"	,"572.6mil"	,"T"	,"270"	,"Yes"	,"CC0402KRX7R7BB104_100nF"	,
"C80"	,"CL05A106MP5NUNC"	,"C0402"	,"1427.2mil"	,"679.1mil"	,"1427.2mil"	,"679.1mil"	,"1442.3mil"	,"664mil"	,"T"	,"135"	,"Yes"	,"CL05A106MP5NUNC_10uF"	,
"C81"	,"CC0402KRX7R7BB104"	,"C0402"	,"935mil"	,"600.4mil"	,"935mil"	,"600.4mil"	,"950.2mil"	,"615.6mil"	,"B"	,"225"	,"Yes"	,"CC0402KRX7R7BB104_100nF"	,
"C82"	,"CL05A106MP5NUNC"	,"C0402"	,"984.3mil"	,"570.9mil"	,"984.3mil"	,"570.9mil"	,"969.1mil"	,"555.7mil"	,"B"	,"45"	,"Yes"	,"CL05A106MP5NUNC_10uF"	,
"C83"	,"CC0402KRX7R7BB104"	,"C0402"	,"836.6mil"	,"659.4mil"	,"836.6mil"	,"659.4mil"	,"851.8mil"	,"674.6mil"	,"B"	,"225"	,"Yes"	,"CC0402KRX7R7BB104_100nF"	,
"C84"	,"CL05A106MP5NUNC"	,"C0402"	,"885.8mil"	,"629.9mil"	,"885.8mil"	,"629.9mil"	,"870.7mil"	,"614.7mil"	,"B"	,"45"	,"Yes"	,"CL05A106MP5NUNC_10uF"	,
"R58"	,"PTFR0402B100KN9"	,"R0402"	,"1102.4mil"	,"1131.9mil"	,"1102.4mil"	,"1131.9mil"	,"1102.4mil"	,"1114.8mil"	,"T"	,"90"	,"Yes"	,"PTFR0402B100KN9_100kΩ"	,
"C85"	,"CC0402KRX7R7BB104"	,"C0402"	,"974.4mil"	,"885.8mil"	,"974.4mil"	,"885.8mil"	,"974.4mil"	,"864.4mil"	,"T"	,"90"	,"Yes"	,"CC0402KRX7R7BB104_100nF"	,
"R39"	,"0402WGF7502TCE"	,"R0402"	,"1328.7mil"	,"974.4mil"	,"1328.7mil"	,"974.4mil"	,"1328.7mil"	,"957.4mil"	,"B"	,"90"	,"Yes"	,"0402WGF7502TCE"	,
"R59"	,"AC0402FR-0722RL"	,"R0402"	,"1565mil"	,"767.7mil"	,"1565mil"	,"767.7mil"	,"1565mil"	,"750.7mil"	,"T"	,"90"	,"Yes"	,"AC0402FR-0722RL_22Ω"	,
"R60"	,"AC0402FR-0722RL"	,"R0402"	,"1525.6mil"	,"767.7mil"	,"1525.6mil"	,"767.7mil"	,"1525.6mil"	,"750.7mil"	,"T"	,"90"	,"Yes"	,"AC0402FR-0722RL_22Ω"	,
"R61"	,"0402WGF5101TCE"	,"R0402"	,"1299.2mil"	,"551.2mil"	,"1299.2mil"	,"551.2mil"	,"1299.2mil"	,"568.2mil"	,"T"	,"270"	,"Yes"	,"0402WGF5101TCE"	,
"R62"	,"0402WGF5101TCE"	,"R0402"	,"1525.6mil"	,"568.2mil"	,"1525.6mil"	,"568.2mil"	,"1525.6mil"	,"585.3mil"	,"T"	,"270"	,"Yes"	,"0402WGF5101TCE"	,
"D2"	,"DSK16"	,"SOD-123_L2.8-W1.8-LS3.7-RD"	,"1565mil"	,"757.9mil"	,"1565mil"	,"757.9mil"	,"1631.6mil"	,"757.9mil"	,"B"	,"180"	,"Yes"	,"DSK16"	,
"X2"	,"X322524MOB4SI"	,"CRYSTAL-SMD_4P-L3.2-W2.5-BL"	,"1161.4mil"	,"816.9mil"	,"1161.4mil"	,"816.9mil"	,"1128mil"	,"773.6mil"	,"B"	,"90"	,"Yes"	,"X322524MOB4SI_24MHz"	,
"C86"	,"0402CG150J500NT"	,"C0402"	,"1299.2mil"	,"866.1mil"	,"1299.2mil"	,"866.1mil"	,"1320.7mil"	,"866.1mil"	,"B"	,"180"	,"Yes"	,"0402CG150J500NT_15pF"	,
"C87"	,"0402CG150J500NT"	,"C0402"	,"1161.4mil"	,"698.8mil"	,"1161.4mil"	,"698.8mil"	,"1182.9mil"	,"698.8mil"	,"B"	,"180"	,"Yes"	,"0402CG150J500NT_15pF"	,
"U17"	,"MAX14841EATA+T"	,"TDFN-8_L3.0-W3.0-P0.65-BL-EP"	,"816.9mil"	,"866.1mil"	,"816.9mil"	,"866.1mil"	,"875.8mil"	,"827.8mil"	,"T"	,"90"	,"Yes"	,"MAX14841EATA+T"	,
"R63"	,"RC0402FR-07120RL"	,"R0402"	,"679.1mil"	,"816.9mil"	,"679.1mil"	,"816.9mil"	,"679.1mil"	,"834mil"	,"T"	,"270"	,"Yes"	,"RC0402FR-07120RL_120Ω"	,
"C88"	,"CC0402KRX7R7BB104"	,"C0402"	,"767.7mil"	,"710.6mil"	,"767.7mil"	,"710.6mil"	,"767.7mil"	,"732.1mil"	,"T"	,"270"	,"Yes"	,"CC0402KRX7R7BB104_100nF"	,
"C89"	,"CL05A106MP5NUNC"	,"C0402"	,"718.5mil"	,"710.6mil"	,"718.5mil"	,"710.6mil"	,"718.5mil"	,"689.2mil"	,"T"	,"90"	,"Yes"	,"CL05A106MP5NUNC_10uF"	,
"LED1"	,"MHT136UBCT"	,"LED0402-RD_BLUE"	,"1324.2mil"	,"457.3mil"	,"1324.2mil"	,"457.3mil"	,"1324.2mil"	,"436.1mil"	,"T"	,"90"	,"Yes"	,"MHT136UBCT"	,
"LED2"	,"MHT136UBCT"	,"LED0402-RD_BLUE"	,"1402.9mil"	,"457.3mil"	,"1402.9mil"	,"457.3mil"	,"1402.9mil"	,"436.1mil"	,"T"	,"90"	,"Yes"	,"MHT136UBCT"	,
"LED3"	,"MHT136UBCT"	,"LED0402-RD_BLUE"	,"1481.7mil"	,"457.3mil"	,"1481.7mil"	,"457.3mil"	,"1481.7mil"	,"436.1mil"	,"T"	,"90"	,"Yes"	,"MHT136UBCT"	,
"R64"	,"AC0402FR-07470RL"	,"R0402"	,"1284.8mil"	,"457.3mil"	,"1284.8mil"	,"457.3mil"	,"1284.8mil"	,"440.3mil"	,"T"	,"90"	,"Yes"	,"AC0402FR-07470RL_470Ω"	,
"R65"	,"AC0402FR-07470RL"	,"R0402"	,"1363.6mil"	,"457.3mil"	,"1363.6mil"	,"457.3mil"	,"1363.6mil"	,"440.3mil"	,"T"	,"90"	,"Yes"	,"AC0402FR-07470RL_470Ω"	,
"R66"	,"AC0402FR-07470RL"	,"R0402"	,"1442.3mil"	,"457.3mil"	,"1442.3mil"	,"457.3mil"	,"1442.3mil"	,"440.3mil"	,"T"	,"90"	,"Yes"	,"AC0402FR-07470RL_470Ω"	,
"LED4"	,"MHT136CSCT"	,"LED0402-RD_ORANGE"	,"2074.7mil"	,"1980mil"	,"2074.7mil"	,"1980mil"	,"2059.7mil"	,"1965mil"	,"B"	,"45"	,"Yes"	,"MHT136CSCT"	,
"R67"	,"0402WGJ0561TCE"	,"R0402"	,"1958.7mil"	,"2027.6mil"	,"1958.7mil"	,"2027.6mil"	,"1975.7mil"	,"2027.6mil"	,"B"	,"180"	,"Yes"	,"0402WGJ0561TCE_560Ω"	,
"ENC"	,"A1002WR-S-5P"	,"CONN-SMD_A1002WR-S-5P"	,"1774.8mil"	,"618.3mil"	,"1752mil"	,"629.9mil"	,"1788.6mil"	,"731.5mil"	,"B"	,"207"	,"Yes"	,"A1002WR-S-5P"	,
"RS485"	,"A1002WR-S-2P"	,"CONN-SMD_A1002WR-S-2P"	,"769.9mil"	,"775.6mil"	,"779.5mil"	,"785.5mil"	,"847.7mil"	,"824mil"	,"B"	,"134"	,"Yes"	,"A1002WR-S-2P"	,
"CAN"	,"A1002WR-S-2P"	,"CONN-SMD_A1002WR-S-2P"	,"642.7mil"	,"942.8mil"	,"649.6mil"	,"954.7mil"	,"725mil"	,"975.6mil"	,"B"	,"120"	,"Yes"	,"A1002WR-S-2P"	,
"GRE"	,"A1002WR-S-8P"	,"CONN-SMD_A1002WR-S-8P"	,"590.8mil"	,"1051.1mil"	,"600mil"	,"1075mil"	,"621.4mil"	,"1230.8mil"	,"T"	,"291"	,"Yes"	,"A1002WR-S-8P"	,
"SPI"	,"A1002WR-S-6P"	,"CONN-SMD_A1002WR-S-6P"	,"950.1mil"	,"625.4mil"	,"972.4mil"	,"637.8mil"	,"923.3mil"	,"752.3mil"	,"T"	,"331"	,"Yes"	,"A1002WR-S-6P"	,
"C90"	,"CC0402KRX7R7BB104"	,"C0402"	,"1063mil"	,"502mil"	,"1063mil"	,"502mil"	,"1084.5mil"	,"502mil"	,"B"	,"180"	,"Yes"	,"CC0402KRX7R7BB104_100nF"	,
"C91"	,"CL05A106MP5NUNC"	,"C0402"	,"1102.4mil"	,"590.6mil"	,"1102.4mil"	,"590.6mil"	,"1080.9mil"	,"590.6mil"	,"B"	,"0"	,"Yes"	,"CL05A106MP5NUNC_10uF"	,
"C33"	,"GRM31CC72A475KE11L"	,"C1206"	,"905.5mil"	,"1968.5mil"	,"905.5mil"	,"1968.5mil"	,"905.5mil"	,"1905.8mil"	,"B"	,"90"	,"Yes"	,"GRM31CC72A475KE11L_4.7uF"	,
"C34"	,"GRM31CC72A475KE11L"	,"C1206"	,"994.1mil"	,"1968.5mil"	,"994.1mil"	,"1968.5mil"	,"994.1mil"	,"1905.8mil"	,"B"	,"90"	,"Yes"	,"GRM31CC72A475KE11L_4.7uF"	,
"C35"	,"GRM31CC72A475KE11L"	,"C1206"	,"702.8mil"	,"1945.2mil"	,"702.8mil"	,"1945.2mil"	,"702.8mil"	,"1882.5mil"	,"B"	,"90"	,"Yes"	,"GRM31CC72A475KE11L_4.7uF"	,
"C36"	,"GRM31CC72A475KE11L"	,"C1206"	,"1082.7mil"	,"1968.5mil"	,"1082.7mil"	,"1968.5mil"	,"1082.7mil"	,"1905.8mil"	,"B"	,"90"	,"Yes"	,"GRM31CC72A475KE11L_4.7uF"	,
"X1"	,"OT322525MJBA4SL"	,"OSC-SMD_4P-L3.2-W2.5-BL"	,"1515.7mil"	,"1003.9mil"	,"1515.7mil"	,"1003.9mil"	,"1509.5mil"	,"949mil"	,"T"	,"45"	,"Yes"	,"OT322525MJBA4SL_25MHz"	,
"U18"	,"SN74LVC1G10DSFR"	,"X2SON-6_L1.0-W1.0-P0.35-TL"	,"1135mil"	,"490mil"	,"1135mil"	,"490mil"	,"1121.2mil"	,"475.8mil"	,"T"	,"90"	,"Yes"	,"SN74LVC1G10DSFR"	,
